Employee ID,Full +1:100Name,Job Title,Department,Business Unit,Gender,Ethnicity,Age,Hire Date,Annual Salary,Bonus %,Country,City
E02101,Leah Zheng,Director,Engineering,Corporate,Female,Asian,52,18/06/2016,$794 ,23%,China,Chengdu
E02102,Jade Pham,Analyst,Accounting,Manufacturing,Female,Asian,61,12/12/2017,$734 ,0%,China,Shanghai
E02103,Theodore Bui,Vice President,Sales,Specialty Products,Male,Asian,53,13/05/2012,$680 ,38%,China,Beijing
E02104,Asher Chan,Sr. Business Partner,Human Resources,Corporate,Male,Asian,40,18/08/2018,$980 ,0%,China,Shanghai
E02105,Ezekiel Brown,Manager,Finance,Corporate,Male,Caucasian,27,14/03/2022,$928 ,8%,United States,Miami
E02106,Peyton Allen,Manager,Marketing,Specialty Products,Female,Caucasian,26,23/11/2020,$700 ,5%,United States,Chicago
E02107,Parker Joseph,Systems Analyst,IT,Specialty Products,Male,Caucasian,53,21/01/2000,$521 ,0%,United States,Seattle
E02108,Kayden Ortiz,Sr. Manager,Accounting,Specialty Products,Male,Latino,33,29/07/2013,$821 ,15%,Brazil,Manaus
E02109,Lillian Desai,Field Engineer,Engineering,Manufacturing,Female,Asian,27,12/12/2022,$582 ,0%,China,Chengdu
E02110,Avery Gutierrez,Vice President,Marketing,Corporate,Female,Latino,56,02/07/2016,$671 ,38%,United States,Phoenix
E02111,Caroline Sandoval,Analyst,Sales,Corporate,Female,Latino,36,03/10/2013,$526 ,0%,Brazil,Sao Paulo
E02112,Hailey Lim,Director,Marketing,Corporate,Female,Asian,47,06/01/2005,$892 ,17%,China,Chongqing
E02113,Roman Liang,Sr. Analyst,Sales,Manufacturing,Male,Asian,28,04/03/2021,$948 ,0%,China,Chongqing
E02114,Elias Rojas,Account Representative,Sales,Manufacturing,Male,Latino,30,07/01/2018,$817 ,0%,United States,Chicago
E02115,Quinn Lai,Systems Analyst,IT,Research & Development,Female,Asian,58,28/08/2003,$516 ,0%,United States,Phoenix
